Date,Open,High,Low,Close,Adj Close,Volume
2021-01-29,10721.160156,10742.860352,10591.059570,10591.059570,10591.059570,70159400
2021-02-01,10666.160156,10751.660156,10650.639648,10740.219727,10740.219727,46901200
2021-02-02,10755.910156,10857.049805,10748.900391,10803.570313,10803.570313,51701500
2021-02-03,10866.509766,10887.509766,10762.830078,10775.679688,10775.679688,46200500
2021-02-04,10739.200195,10866.629883,10731.679688,10860.950195,10860.950195,53655400
2021-02-05,10855.599609,10857.000000,10745.030273,10755.469727,10755.469727,43441300
2021-02-08,10803.969727,10844.110352,10778.830078,10778.830078,10778.830078,44225100
2021-02-09,10757.139648,10817.709961,10735.160156,10803.669922,10803.669922,40861800
2021-02-10,10818.139648,10900.110352,10774.940430,10825.750000,10825.750000,42872800
2021-02-11,10821.780273,10881.169922,10813.000000,10852.910156,10852.910156,33699400
2021-02-12,10836.599609,10890.820313,10816.709961,10880.370117,10880.370117,31203400
2021-02-15,null,null,null,null,null,null
2021-02-16,10924.599609,10953.419922,10900.179688,10907.599609,10907.599609,40831000
2021-02-17,null,null,null,null,null,null
2021-02-18,10809.830078,10834.259766,10714.559570,10717.709961,10717.709961,51069500
2021-02-19,10744.370117,10773.769531,10704.750000,10704.750000,10704.750000,60375700
2021-02-22,10632.110352,10716.269531,10610.650391,10697.379883,10697.379883,46867500
2021-02-23,10702.059570,10729.740234,10529.030273,10609.030273,10609.030273,51072400
2021-02-24,10630.589844,10771.250000,10626.769531,10727.700195,10727.700195,59226200
2021-02-25,10745.200195,10746.089844,10656.650391,10658.870117,10658.870117,46972600
2021-02-26,10532.309570,10686.019531,10513.429688,10522.219727,10522.219727,64961800
2021-03-01,10659.259766,10713.410156,10606.080078,10706.589844,10706.589844,47871700
2021-03-02,10713.120117,10855.990234,10704.379883,10817.150391,10817.150391,55409100
2021-03-03,null,null,null,null,null,null
2021-03-04,10720.230469,10769.379883,10688.309570,10750.089844,10750.089844,54422700
2021-03-05,10657.879883,10691.530273,10607.790039,10607.790039,10607.790039,55107700
2021-03-08,10687.660156,10838.290039,10659.070313,10830.379883,10830.379883,55306400
2021-03-09,10775.070313,10857.969727,10746.709961,10857.969727,10857.969727,53954400
2021-03-10,10801.230469,10933.889648,10788.339844,10909.769531,10909.769531,46792000
2021-03-11,10894.839844,10917.740234,10859.500000,10883.230469,10883.230469,51944900
2021-03-12,10850.389648,10872.209961,10830.280273,10839.929688,10839.929688,49626500
2021-03-15,10858.500000,10905.190430,10842.830078,10867.330078,10867.330078,45830100
2021-03-16,10925.049805,10968.540039,10916.000000,10944.480469,10944.480469,485900
2021-03-17,10934.469727,10947.389648,10881.500000,10922.490234,10922.490234,508800
2021-03-18,10912.750000,10983.230469,10896.410156,10973.759766,10973.759766,68762600
2021-03-19,10915.469727,10975.900391,10891.669922,10967.370117,10967.370117,143857700
2021-03-22,10931.559570,11048.580078,10928.339844,11048.580078,11048.580078,51626500
2021-03-23,11030.889648,11118.330078,11016.209961,11098.660156,11098.660156,48422000
2021-03-24,11048.589844,11106.940430,11033.370117,11063.870117,11063.870117,43812200
2021-03-25,11026.650391,11102.780273,11017.320313,11098.809570,11098.809570,52085500
2021-03-26,11113.900391,11143.860352,11091.629883,11116.809570,11116.809570,46264000
2021-03-29,11127.740234,11132.000000,11058.690430,11089.599609,11089.599609,117373800
2021-03-30,11110.639648,11138.110352,11079.879883,11121.419922,11121.419922,79382900
2021-03-31,11114.889648,11123.259766,11047.019531,11047.370117,11047.370117,76397500
2021-04-01,11102.290039,11141.200195,11080.559570,11118.030273,11118.030273,53530400
2021-04-06,11170.599609,11213.790039,11142.669922,11182.950195,11182.950195,80579800
2021-04-07,11147.370117,11163.339844,11108.330078,11128.179688,11128.179688,53400300
2021-04-08,11129.139648,11206.879883,11128.669922,11206.879883,11206.879883,45600000
2021-04-09,11206.849609,11247.009766,11190.700195,11238.519531,11238.519531,59491200
2021-04-12,11220.769531,11238.379883,11166.320313,11181.349609,11181.349609,43543800
2021-04-13,11174.080078,11180.959961,11094.839844,11122.370117,11122.370117,49992700
2021-04-14,11135.690430,11182.330078,11121.870117,11156.209961,11156.209961,54605000
2021-04-15,11160.900391,11226.250000,11156.559570,11198.700195,11198.700195,51925500
2021-04-16,11198.580078,11262.969727,11169.009766,11262.969727,11262.969727,60213200
2021-04-19,11245.009766,11266.780273,11183.559570,11209.839844,11209.839844,47832700
2021-04-20,11203.080078,11216.349609,11065.870117,11078.980469,11078.980469,53953700
2021-04-21,11119.440430,11229.150391,11117.620117,11209.089844,11209.089844,57623700
2021-04-22,11214.230469,11254.910156,11197.540039,11224.900391,11224.900391,99097900
2021-04-23,11211.910156,11217.889648,11130.309570,11200.540039,11200.540039,60883900
2021-04-26,11194.400391,11201.799805,11131.190430,11162.089844,11162.089844,54299300
2021-04-27,11147.580078,11178.419922,11068.230469,11092.080078,11092.080078,61400400
2021-04-28,11106.820313,11126.690430,11070.719727,11103.459961,11103.459961,50802200
2021-04-29,11137.179688,11162.200195,11064.280273,11079.509766,11079.509766,49377400
2021-04-30,11103.990234,11123.349609,11022.339844,11022.339844,11022.339844,48384300
2021-05-03,11072.540039,11148.059570,11056.709961,11119.000000,11119.000000,34465500
2021-05-04,11123.440430,11144.830078,10959.780273,10970.929688,10970.929688,49994300
2021-05-05,null,null,null,null,null,null
2021-05-06,11129.849609,11139.629883,11062.690430,11111.099609,11111.099609,49963800
2021-05-07,11140.830078,11173.570313,11106.419922,11173.570313,11173.570313,47442300
2021-05-10,11157.759766,11159.080078,11086.980469,11123.669922,11123.669922,40932200
2021-05-11,null,null,null,null,null,null
2021-05-12,11014.330078,11069.240234,10981.799805,11033.900391,11033.900391,47616100
2021-05-14,11101.480469,11129.870117,11066.599609,11120.769531,11120.769531,41027200
2021-05-17,11133.299805,11163.990234,11084.519531,11135.370117,11135.370117,39926000
2021-05-18,11178.469727,11205.690430,11116.299805,11141.750000,11141.750000,36718300
2021-05-19,11060.740234,11099.540039,10993.719727,11045.200195,11045.200195,46757000
2021-05-20,11091.320313,11152.080078,11054.419922,11152.080078,11152.080078,42271500
2021-05-21,11205.809570,11239.200195,11138.900391,11225.580078,11225.580078,43988800
2021-05-25,null,null,null,null,null,null
2021-05-26,11325.419922,11382.320313,11310.419922,11348.740234,11348.740234,40702000
2021-05-27,11341.190430,11408.610352,11321.110352,11340.269531,11340.269531,77076000
2021-05-28,11345.400391,11443.969727,11326.750000,11426.150391,11426.150391,40919400
2021-05-31,null,null,null,null,null,null
2021-06-01,11415.200195,11501.349609,11389.879883,11434.879883,11434.879883,38214700
2021-06-02,11455.790039,11495.309570,11455.540039,11470.349609,11470.349609,32650400
2021-06-03,11445.799805,11510.599609,11424.809570,11510.599609,11510.599609,31906400
2021-06-04,11514.950195,11570.679688,11505.209961,11570.679688,11570.679688,29857200
2021-06-07,11535.879883,11641.309570,11530.639648,11630.660156,11630.660156,29567100
2021-06-08,11664.230469,11702.919922,11647.049805,11656.889648,11656.889648,42707900
2021-06-09,11639.599609,11788.099609,11630.509766,11788.099609,11788.099609,36219900
2021-06-10,null,null,null,null,null,null
2021-06-11,11798.980469,11873.629883,11783.410156,11841.299805,11841.299805,35631000
2021-06-14,11871.129883,11895.540039,11837.889648,11866.410156,11866.410156,30023700
2021-06-15,11902.540039,11963.599609,11892.469727,11921.969727,11921.969727,34317900
2021-06-16,11935.259766,11995.820313,11923.309570,11982.030273,11982.030273,43487400
2021-06-17,11943.709961,12017.759766,11914.519531,12011.110352,12011.110352,53742700
2021-06-18,12023.280273,12072.110352,11930.980469,11941.250000,11941.250000,148055100
2021-06-21,11882.540039,11995.629883,11874.110352,11995.629883,11995.629883,39384200
2021-06-22,11983.259766,11991.309570,11913.440430,11982.480469,11982.480469,34162400
2021-06-23,11965.089844,11988.000000,11898.620117,11898.620117,11898.620117,37293700
2021-06-24,11929.910156,12010.589844,11925.910156,11993.639648,11993.639648,39141800
2021-06-25,11974.530273,12003.690430,11970.440430,11999.700195,11999.700195,32556100
2021-06-28,11997.639648,12035.950195,11986.879883,12009.169922,12009.169922,30879200
2021-06-29,12015.580078,12071.290039,12012.410156,12028.450195,12028.450195,32486000
2021-06-30,12022.570313,12034.919922,11931.480469,11942.719727,11942.719727,37611300
2021-07-01,11993.980469,12015.660156,11901.860352,11977.030273,11977.030273,29583100
2021-07-02,12023.459961,12061.580078,11939.820313,11964.839844,11964.839844,30848200
2021-07-05,null,null,null,null,null,null
2021-07-06,11959.690430,12025.440430,11933.469727,11965.219727,11965.219727,30616700
2021-07-07,11990.469727,12085.509766,11990.469727,12085.509766,12085.509766,34846200
2021-07-08,12034.519531,12035.509766,11863.809570,11924.660156,11924.660156,46662900
2021-07-09,11949.969727,12005.450195,11935.490234,11989.809570,11989.809570,38359200
2021-07-12,11979.860352,12081.620117,11959.929688,12081.620117,12081.620117,30658300
2021-07-13,12061.080078,12078.919922,12019.860352,12071.049805,12071.049805,30458200
2021-07-14,12038.809570,12060.459961,11985.790039,12043.349609,12043.349609,28712900
2021-07-15,12025.480469,12059.629883,11960.629883,11976.790039,11976.790039,32426200
2021-07-16,12022.549805,12057.030273,11969.629883,12026.500000,12026.500000,34846300
2021-07-19,11957.370117,11979.320313,11799.230469,11862.080078,11862.080078,49569500
2021-07-20,11929.320313,11985.889648,11900.200195,11945.679688,11945.679688,44864000
2021-07-21,12020.290039,12048.549805,11983.230469,12021.580078,12021.580078,43445000
2021-07-22,12056.389648,12060.160156,11927.620117,11977.000000,11977.000000,35470900
2021-07-23,12033.040039,12142.599609,12016.169922,12130.830078,12130.830078,30945700
2021-07-26,12099.179688,12099.179688,12027.469727,12049.629883,12049.629883,32066900
2021-07-27,12002.830078,12043.379883,11940.799805,12021.089844,12021.089844,29190200
2021-07-28,12055.969727,12080.150391,12032.969727,12073.230469,12073.230469,26441600
2021-07-29,12033.540039,12115.559570,12024.370117,12086.740234,12086.740234,45240200
2021-07-30,12005.910156,12146.679688,11998.580078,12116.820313,12116.820313,40744000
2021-08-02,12165.209961,12194.370117,12124.360352,12171.019531,12171.019531,34491000
2021-08-03,12170.139648,12215.620117,12139.809570,12163.219727,12163.219727,31881900
2021-08-04,12201.969727,12214.190430,12169.889648,12178.740234,12178.740234,29660400
2021-08-05,12185.870117,12211.629883,12167.240234,12199.820313,12199.820313,29806400
2021-08-06,12198.400391,12215.580078,12149.679688,12176.299805,12176.299805,32601400
2021-08-09,12211.709961,12321.370117,12211.519531,12310.750000,12310.750000,24012500
2021-08-10,12305.459961,12382.709961,12305.299805,12361.690430,12361.690430,26956900
2021-08-11,12385.440430,12426.150391,12361.490234,12387.900391,12387.900391,28623600
2021-08-12,12412.410156,12443.589844,12405.809570,12429.169922,12429.169922,27423800
2021-08-13,12452.000000,12478.660156,12442.070313,12464.440430,12464.440430,21459200
2021-08-16,12431.530273,12442.780273,12376.059570,12419.139648,12419.139648,31025600
2021-08-17,12412.009766,12496.950195,12392.660156,12477.440430,12477.440430,28522200
2021-08-18,12458.370117,12573.429688,12456.919922,12545.349609,12545.349609,30905500
2021-08-19,12453.110352,12453.610352,12296.950195,12403.580078,12403.580078,41872700
2021-08-20,12409.919922,12427.299805,12327.290039,12415.660156,12415.660156,34594300
2021-08-23,12483.910156,12490.509766,12423.730469,12476.870117,12476.870117,24797300
2021-08-24,12505.969727,12524.099609,12409.129883,12436.660156,12436.660156,28337000
2021-08-25,12436.540039,12447.419922,12325.809570,12364.570313,12364.570313,32918900
2021-08-26,12344.490234,12424.250000,12329.769531,12409.030273,12409.030273,25313600
2021-08-27,12390.419922,12453.120117,12381.790039,12439.000000,12439.000000,23217600
2021-08-30,12419.870117,12444.589844,12404.349609,12436.580078,12436.580078,21042600
2021-08-31,12457.440430,12494.650391,12398.339844,12411.110352,12411.110352,55904300
2021-09-01,12472.040039,12491.179688,12415.799805,12432.790039,12432.790039,36177600
2021-09-02,12440.519531,12469.269531,12424.750000,12432.459961,12432.459961,27198900
2021-09-03,12432.040039,12436.209961,12296.120117,12351.839844,12351.839844,30421300
2021-09-06,12383.259766,12448.450195,12378.919922,12430.230469,12430.230469,26128800
2021-09-07,12420.330078,12420.330078,12322.679688,12344.379883,12344.379883,32887900
2021-09-08,12251.040039,12255.889648,12155.629883,12215.139648,12215.139648,38254100
2021-09-09,12157.669922,12189.679688,12108.190430,12116.429688,12116.429688,38788900
2021-09-10,12128.269531,12158.929688,12049.940430,12060.639648,12060.639648,31418500
2021-09-13,12088.629883,12168.519531,12074.809570,12074.809570,12074.809570,30952600
2021-09-14,12077.400391,12129.730469,12053.200195,12097.280273,12097.280273,33220900
2021-09-15,12091.599609,12091.599609,11977.990234,11984.830078,11984.830078,44452500
2021-09-16,12031.160156,12099.259766,12024.669922,12028.440430,12028.440430,36687600
2021-09-17,12116.639648,12128.709961,11929.610352,11935.530273,11935.530273,93998000
2021-09-20,11787.179688,11818.419922,11643.419922,11766.419922,11766.419922,74303700
2021-09-21,11793.809570,11845.879883,11765.440430,11789.169922,11789.169922,45103700
2021-09-22,11855.570313,11876.889648,11797.990234,11837.570313,11837.570313,43330100
2021-09-23,11930.679688,11978.419922,11905.000000,11938.620117,11938.620117,32377900
2021-09-24,11907.820313,11928.509766,11805.509766,11817.200195,11817.200195,29207200
2021-09-27,11880.509766,11881.610352,11691.179688,11691.179688,11691.179688,37626400
2021-09-28,11652.240234,11663.459961,11465.589844,11485.580078,11485.580078,42850400
2021-09-29,11592.990234,11656.360352,11571.000000,11628.330078,11628.330078,35365100
2021-09-30,11726.419922,11734.610352,11586.299805,11642.450195,11642.450195,41747000
2021-10-01,11491.080078,11581.929688,11450.660156,11575.370117,11575.370117,39389900
2021-10-04,11537.419922,11641.599609,11536.490234,11582.349609,11582.349609,33456200
2021-10-05,11553.530273,11617.320313,11550.019531,11587.000000,11587.000000,31282300
2021-10-06,11530.349609,11577.809570,11381.740234,11569.389648,11569.389648,36402800
2021-10-07,11688.450195,11771.709961,11677.940430,11763.639648,11763.639648,43403500
2021-10-08,11751.169922,11770.150391,11690.549805,11764.990234,11764.990234,34056300
2021-10-11,11743.820313,11779.730469,11699.169922,11771.570313,11771.570313,25855900
2021-10-12,11665.040039,11803.820313,11645.429688,11756.759766,11756.759766,27957400
2021-10-13,11711.009766,11827.940430,11677.870117,11814.589844,11814.589844,35664600
2021-10-14,11849.719727,11892.519531,11786.250000,11892.519531,11892.519531,35804600
2021-10-15,11910.450195,11970.629883,11876.900391,11961.339844,11961.339844,37327000
2021-10-18,11949.820313,11980.169922,11916.429688,11968.080078,11968.080078,26580300
2021-10-19,11972.500000,11975.049805,11862.990234,11942.740234,11942.740234,29007700
2021-10-20,12002.019531,12062.200195,11995.200195,12013.150391,12013.150391,34986100
2021-10-21,11959.450195,12053.000000,11959.450195,12039.139648,12039.139648,34876200
2021-10-22,12036.490234,12073.469727,12020.990234,12056.209961,12056.209961,27404400
2021-10-25,12051.320313,12063.169922,11992.849609,12063.169922,12063.169922,31718800
2021-10-26,12124.759766,12146.519531,12084.799805,12146.519531,12146.519531,37680600
2021-10-27,12135.099609,12141.019531,12075.870117,12087.450195,12087.450195,34644000
2021-10-28,12075.669922,12153.099609,12064.209961,12153.099609,12153.099609,37475500
2021-10-29,12097.959961,12109.389648,12041.839844,12108.169922,12108.169922,39522300
2021-11-01,12174.919922,12216.330078,12133.759766,12216.330078,12216.330078,48052200
2021-11-02,12208.339844,12321.000000,12191.750000,12321.000000,12321.000000,32714300
2021-11-03,12312.190430,12383.269531,12277.320313,12383.269531,12383.269531,42025200
2021-11-04,12496.769531,12512.120117,12400.089844,12403.049805,12403.049805,48899900
2021-11-05,12386.209961,12470.129883,12321.269531,12321.849609,12321.849609,39793500
2021-11-08,12349.759766,12392.440430,12327.620117,12353.349609,12353.349609,31395800
2021-11-09,12324.919922,12410.549805,12315.089844,12367.519531,12367.519531,32268300
2021-11-10,12371.490234,12427.639648,12361.129883,12401.400391,12401.400391,34502000
2021-11-11,12354.389648,12462.620117,12348.179688,12421.080078,12421.080078,31407600
2021-11-12,12418.660156,12516.049805,12418.660156,12516.049805,12516.049805,32992300
2021-11-15,12492.730469,12544.370117,12485.849609,12517.120117,12517.120117,25646200
2021-11-16,12505.240234,12574.480469,12482.349609,12557.339844,12557.339844,35364800
2021-11-17,12555.839844,12605.690430,12533.940430,12600.150391,12600.150391,37959300
2021-11-18,12622.839844,12625.809570,12537.599609,12553.190430,12553.190430,35809000
2021-11-19,12577.070313,12622.910156,12543.110352,12545.009766,12545.009766,52953700
2021-11-22,12535.099609,12571.750000,12491.250000,12510.809570,12510.809570,39452500
2021-11-23,12458.690430,12458.690430,12336.860352,12366.730469,12366.730469,40782300
2021-11-24,12396.650391,12424.750000,12336.799805,12395.719727,12395.719727,32061100
2021-11-25,12428.339844,12468.160156,12410.889648,12449.679688,12449.679688,20899800
2021-11-26,12161.000000,12304.570313,12157.500000,12199.209961,12199.209961,60308000
2021-11-29,12223.259766,12285.799805,12193.759766,12220.740234,12220.740234,42208700
2021-11-30,12145.120117,12234.830078,12071.669922,12159.690430,12159.690430,100668400
2021-12-01,12207.759766,12292.860352,12139.240234,12266.459961,12266.459961,37654500
2021-12-02,12207.559570,12211.120117,12093.370117,12177.519531,12177.519531,41804300
2021-12-03,12234.540039,12296.089844,12146.099609,12175.769531,12175.769531,38486500
2021-12-06,12276.190430,12407.990234,12230.700195,12375.349609,12375.349609,41649900
2021-12-07,12457.959961,12531.709961,12436.160156,12513.620117,12513.620117,42630100
2021-12-08,12579.959961,12687.849609,12573.620117,12597.429688,12597.429688,36864500
2021-12-09,12620.219727,12639.410156,12572.049805,12607.629883,12607.629883,30061800
2021-12-10,12572.059570,12637.240234,12520.790039,12607.730469,12607.730469,27548100
2021-12-13,12607.830078,12637.209961,12551.280273,12551.280273,12551.280273,38956500
2021-12-14,12607.809570,12619.959961,12411.580078,12411.580078,12411.580078,32956900
2021-12-15,12435.940430,12533.719727,12432.139648,12530.950195,12530.950195,35515900
2021-12-16,12704.910156,12823.299805,12692.250000,12790.889648,12790.889648,49866400
2021-12-17,12787.719727,12787.719727,12652.280273,12715.480469,12715.480469,88796700
2021-12-20,12548.209961,12622.929688,12467.719727,12589.889648,12589.889648,44341500
2021-12-21,12675.589844,12706.860352,12624.139648,12682.530273,12682.530273,35391800
2021-12-22,12681.400391,12713.900391,12601.509766,12713.900391,12713.900391,23737300
2021-12-23,12717.330078,12787.959961,12695.589844,12785.320313,12785.320313,25194700
2021-12-27,12742.730469,12893.389648,12742.129883,12866.900391,12866.900391,17421800
2021-12-28,12888.530273,12977.209961,12885.509766,12970.530273,12970.530273,16142900
2021-12-29,12953.320313,12966.299805,12877.990234,12926.559570,12926.559570,17872600
2021-12-30,12925.690430,12980.139648,12875.660156,12875.660156,12875.660156,20457100
2022-01-03,12934.419922,12997.150391,12905.530273,12939.169922,12939.169922,30070400
2022-01-04,12977.589844,12979.759766,12884.480469,12900.969727,12900.969727,38722000
2022-01-05,12868.000000,12906.370117,12825.900391,12906.370117,12906.370117,33319300
2022-01-06,12754.509766,12816.120117,12728.440430,12792.280273,12792.280273,40330300
2022-01-07,12754.410156,12821.440430,12715.490234,12797.940430,12797.940430,42708300
2022-01-10,12802.759766,12811.169922,12560.700195,12597.349609,12597.349609,50021100
2022-01-11,12740.599609,12772.629883,12691.299805,12709.709961,12709.709961,45521100
2022-01-12,12737.889648,12740.610352,12629.379883,12670.469727,12670.469727,38966100
2022-01-13,12626.509766,12662.450195,12589.459961,12620.440430,12620.440430,35179000
2022-01-14,12512.299805,12596.429688,12506.580078,12525.629883,12525.629883,35254800
2022-01-17,12560.919922,12657.570313,12547.009766,12633.209961,12633.209961,33568500
2022-01-18,12556.139648,12562.000000,12484.440430,12529.559570,12529.559570,38853100
2022-01-19,12465.280273,12570.059570,12448.440430,12525.690430,12525.690430,41889400
2022-01-20,12510.030273,12575.389648,12449.190430,12560.700195,12560.700195,33591900
2022-01-21,12433.290039,12467.019531,12304.019531,12355.540039,12355.540039,56612000
2022-01-24,12292.629883,12304.209961,11878.269531,11881.299805,11881.299805,78440500
2022-01-25,11914.330078,11996.169922,11867.780273,11945.690430,11945.690430,59880000
2022-01-26,12053.179688,12161.209961,12042.450195,12098.259766,12098.259766,46058100
2022-01-27,11924.660156,12205.250000,11917.709961,12176.900391,12176.900391,47700000
2022-01-28,12154.759766,12166.870117,11958.690430,12104.440430,12104.440430,44822800
2022-01-31,12201.889648,12291.900391,12175.780273,12226.700195,12226.700195,46861100
2022-02-01,12338.540039,12408.799805,12304.830078,12359.799805,12359.799805,57512100
2022-02-02,12337.519531,12414.419922,12324.919922,12360.370117,12360.370117,56340600
2022-02-03,12269.919922,12349.309570,12205.049805,12234.150391,12234.150391,49183800
2022-02-04,12289.889648,12305.790039,12121.620117,12140.250000,12140.250000,41373300
2022-02-07,12193.379883,12214.339844,12110.400391,12193.809570,12193.809570,38826300
2022-02-08,12218.410156,12256.559570,12131.519531,12155.660156,12155.660156,41798400
2022-02-09,12260.349609,12422.950195,12259.839844,12367.820313,12367.820313,46249900
2022-02-10,12377.519531,12391.410156,12279.599609,12313.160156,12313.160156,81135300
2022-02-11,12220.870117,12291.650391,12186.250000,12231.969727,12231.969727,47523000
2022-02-14,12050.209961,12088.219727,11924.549805,12026.370117,12026.370117,56321900
2022-02-15,12016.070313,12210.599609,12016.070313,12181.860352,12181.860352,44583400
2022-02-16,12212.679688,12268.669922,12166.099609,12191.570313,12191.570313,34605200
2022-02-17,12184.839844,12197.860352,12032.730469,12075.269531,12075.269531,41357900
2022-02-18,12100.169922,12157.620117,11981.059570,12010.089844,12010.089844,45659000
2022-02-21,12055.719727,12095.219727,11852.990234,11891.879883,11891.879883,46645300
2022-02-22,11695.179688,11979.459961,11687.559570,11959.389648,11959.389648,53590300
2022-02-23,11988.799805,12125.160156,11941.889648,11941.889648,11941.889648,38248400
2022-02-24,11641.660156,11736.230469,11480.759766,11636.759766,11636.759766,87801500
2022-02-25,11672.019531,11995.959961,11665.290039,11987.309570,11987.309570,72140000
2022-02-28,11857.860352,11989.950195,11842.759766,11986.780273,11986.780273,75288800
2022-03-01,11987.440430,12021.719727,11789.750000,11862.280273,11862.280273,72009200
2022-03-02,11784.860352,11906.750000,11668.959961,11871.589844,11871.589844,76002100
2022-03-03,11838.929688,11878.129883,11658.830078,11675.700195,11675.700195,57692100
2022-03-04,11592.759766,11609.530273,11291.839844,11300.129883,11300.129883,90559500
2022-03-07,11154.330078,11299.929688,10871.240234,11204.669922,11204.669922,97185400
2022-03-08,11116.959961,11370.879883,10958.530273,11057.059570,11057.059570,96813300
2022-03-09,11175.889648,11493.360352,11164.629883,11493.360352,11493.360352,90776000
2022-03-10,11517.179688,11546.320313,11388.730469,11391.099609,11391.099609,63392600
2022-03-11,11444.040039,11674.049805,11381.679688,11495.690430,11495.690430,66683200
2022-03-14,11514.309570,11697.419922,11494.990234,11678.940430,11678.940430,54495700
2022-03-15,11599.480469,11702.599609,11510.490234,11682.219727,11682.219727,52958700
2022-03-16,11832.570313,11980.320313,11821.969727,11900.959961,11900.959961,65912900
2022-03-17,11926.610352,12061.870117,11889.280273,12061.870117,12061.870117,57508900
2022-03-18,12075.839844,12184.990234,11997.599609,12184.990234,12184.990234,116916000
2022-03-21,12164.440430,12202.290039,12110.589844,12171.280273,12171.280273,40956500
2022-03-22,12161.110352,12232.169922,12101.349609,12202.620117,12202.620117,39177100
2022-03-23,12212.599609,12243.599609,12096.450195,12099.500000,12099.500000,34592600
2022-03-24,12108.849609,12147.959961,12069.099609,12131.450195,12131.450195,40176600
2022-03-25,12136.219727,12169.139648,12072.059570,12121.669922,12121.669922,29417400
2022-03-28,12159.070313,12264.929688,12151.240234,12155.950195,12155.950195,44342800
2022-03-29,12234.110352,12388.790039,12198.040039,12325.580078,12325.580078,55819700
2022-03-30,12268.660156,12327.950195,12225.209961,12243.730469,12243.730469,44515100
2022-03-31,12293.059570,12300.669922,12161.530273,12161.530273,12161.530273,51011200
2022-04-01,12157.169922,12212.620117,12136.049805,12179.080078,12179.080078,34751300
2022-04-04,12263.139648,12340.870117,12211.809570,12340.870117,12340.870117,37401400
2022-04-05,12353.519531,12380.570313,12300.169922,12376.969727,12376.969727,43808100
2022-04-06,12375.839844,12395.889648,12247.459961,12320.099609,12320.099609,50006800
2022-04-07,12392.889648,12472.080078,12353.280273,12372.459961,12372.459961,47636000
2022-04-08,12488.919922,12507.690430,12422.509766,12507.690430,12507.690430,45452800
2022-04-11,12514.769531,12569.969727,12463.219727,12528.610352,12528.610352,53096400
2022-04-12,12402.650391,12433.969727,12337.049805,12378.870117,12378.870117,47609900
2022-04-13,12364.480469,12394.889648,12315.769531,12378.679688,12378.679688,35962300
2022-04-14,12384.469727,12496.969727,12375.709961,12475.080078,12475.080078,42243100
2022-04-19,12363.540039,12383.669922,12212.129883,12281.419922,12281.419922,43813400
2022-04-20,12287.570313,12341.089844,12284.690430,12310.169922,12310.169922,46405800
2022-04-21,12366.910156,12424.160156,12301.330078,12301.330078,12301.330078,45639500
2022-04-22,12214.320313,12316.740234,12203.610352,12258.330078,12258.330078,42216600
2022-04-25,12046.009766,12169.639648,12029.549805,12084.980469,12084.980469,49123300
2022-04-26,12159.700195,12173.900391,11933.280273,11933.280273,11933.280273,55359700
2022-04-27,11924.959961,12082.889648,11814.839844,12051.480469,12051.480469,54134000
2022-04-28,12097.769531,12171.589844,12033.860352,12068.410156,12068.410156,42639900
2022-04-29,12134.139648,12219.509766,12117.559570,12128.759766,12128.759766,37559500
2022-05-02,12081.230469,12097.980469,11863.629883,11971.730469,11971.730469,37041200
2022-05-03,12003.589844,12067.740234,11937.150391,12001.879883,12001.879883,43381800
2022-05-04,11971.410156,11994.330078,11880.240234,11880.240234,11880.240234,35595700
2022-05-05,12009.000000,12048.139648,11857.629883,11877.269531,11877.269531,45767700
2022-05-06,11843.990234,11866.629883,11671.480469,11730.419922,11730.419922,42179800
2022-05-09,11669.370117,11701.870117,11444.179688,11444.179688,11444.179688,44842600
2022-05-10,11526.709961,11655.620117,11478.759766,11541.719727,11541.719727,44943100
2022-05-11,11536.000000,11568.599609,11408.959961,11553.660156,11553.660156,49964900
2022-05-12,11380.429688,11548.929688,11288.019531,11506.129883,11506.129883,52084300
2022-05-13,11544.509766,11650.419922,11529.799805,11650.419922,11650.419922,40331700
2022-05-16,11622.490234,11721.570313,11584.559570,11672.230469,11672.230469,38599900
2022-05-17,11740.059570,11808.009766,11687.370117,11730.440430,11730.440430,34919500
2022-05-18,11736.040039,11783.129883,11579.139648,11579.139648,11579.139648,39120300
2022-05-19,11464.200195,11465.839844,11233.719727,11309.490234,11309.490234,47444000
2022-05-20,11410.429688,11419.620117,11286.519531,11308.980469,11308.980469,46453600
2022-05-23,11438.990234,11466.280273,11348.750000,11466.280273,11466.280273,40402800
2022-05-24,11391.650391,11532.030273,11383.280273,11483.559570,11483.559570,38508500
2022-05-25,11548.389648,11576.559570,11468.940430,11491.799805,11491.799805,33783500
2022-05-27,11566.000000,11657.240234,11501.030273,11647.169922,11647.169922,41899300
2022-05-30,11707.769531,11751.160156,11673.190430,11736.259766,11736.259766,30798600
2022-05-31,11686.269531,11718.910156,11597.389648,11611.379883,11611.379883,74161800
2022-06-01,11682.240234,11692.660156,11494.120117,11494.120117,11494.120117,33017700
2022-06-02,11502.580078,11571.419922,11501.320313,11550.200195,11550.200195,24761200
2022-06-03,11605.719727,11615.400391,11524.049805,11529.160156,11529.160156,24162500
2022-06-07,11563.679688,11575.769531,11493.480469,11534.179688,11534.179688,33798300
2022-06-08,11546.740234,11549.669922,11411.429688,11467.389648,11467.389648,84824800
2022-06-09,11434.099609,11478.379883,11322.429688,11322.429688,11322.429688,61760300
2022-06-10,11248.820313,11248.820313,11018.559570,11084.620117,11084.620117,54669200
2022-06-13,10963.719727,11020.230469,10855.250000,10896.250000,10896.250000,51352500
2022-06-14,10920.669922,10940.320313,10699.070313,10699.070313,10699.070313,51205900
2022-06-15,10778.809570,10850.169922,10682.700195,10783.589844,10783.589844,48496200
2022-06-16,10722.750000,10735.049805,10441.620117,10475.370117,10475.370117,65599400
2022-06-17,10482.700195,10592.120117,10424.809570,10451.309570,10451.309570,116514100
2022-06-20,10450.500000,10485.910156,10392.099609,10485.910156,10485.910156,27532800
2022-06-21,10519.400391,10578.030273,10479.839844,10479.839844,10479.839844,32839500
2022-06-22,10372.889648,10543.009766,10349.650391,10528.339844,10528.339844,42127400
2022-06-23,10468.750000,10521.709961,10404.769531,10453.309570,10453.309570,39932300
2022-06-24,10507.830078,10823.120117,10503.299805,10823.120117,10823.120117,50568400
2022-06-27,10873.429688,10921.030273,10826.919922,10906.820313,10906.820313,42376200
2022-06-28,10921.059570,10933.740234,10802.799805,10809.570313,10809.570313,34670700
2022-06-29,10708.070313,10811.750000,10662.589844,10811.750000,10811.750000,35765800
2022-06-30,10708.900391,10741.209961,10606.509766,10741.209961,10741.209961,53672200
2022-07-01,10647.019531,10815.389648,10631.549805,10770.400391,10770.400391,30960200
2022-07-04,10835.669922,10918.879883,10833.820313,10881.969727,10881.969727,25026400
2022-07-05,10907.280273,10916.200195,10702.500000,10702.500000,10702.500000,43847400
2022-07-06,10823.860352,10896.679688,10780.120117,10840.599609,10840.599609,38335200
2022-07-07,10911.019531,10988.419922,10859.589844,10940.980469,10940.980469,36863100
2022-07-08,10935.290039,11030.000000,10882.860352,11015.030273,11015.030273,35620300
2022-07-11,10891.169922,11027.500000,10879.250000,11027.160156,11027.160156,25559000
2022-07-12,10969.530273,11069.830078,10925.900391,11069.830078,11069.830078,29160800
2022-07-13,10991.879883,10991.879883,10805.389648,10904.849609,10904.849609,39553700
2022-07-14,10877.190430,10883.219727,10755.459961,10799.519531,10799.519531,36827400
2022-07-15,10842.339844,10982.089844,10797.900391,10982.089844,10982.089844,48085100
2022-07-18,11001.929688,11114.780273,10993.309570,11010.179688,11010.179688,32809200
2022-07-19,10959.950195,11143.059570,10939.509766,11122.080078,11122.080078,36103200
2022-07-20,11151.900391,11188.309570,11052.950195,11059.490234,11059.490234,28162500
2022-07-21,11019.429688,11134.740234,11002.169922,11134.740234,11134.740234,37652900
2022-07-22,11095.259766,11178.030273,11075.969727,11096.120117,11096.120117,28076000
2022-07-25,11034.330078,11156.320313,11029.690430,11129.349609,11129.349609,32424200
2022-07-26,11142.000000,11144.320313,11074.150391,11102.309570,11102.309570,49817400
2022-07-27,11134.469727,11138.030273,11056.740234,11056.740234,11056.740234,51490300
2022-07-28,11084.679688,11129.330078,11041.169922,11129.330078,11129.330078,44580100
2022-07-29,11174.450195,11216.759766,11145.910156,11145.910156,11145.910156,45617200
2022-08-02,11118.110352,11135.959961,11019.629883,11118.099609,11118.099609,41975300
2022-08-03,11076.070313,11200.360352,11054.019531,11178.990234,11178.990234,29075000
2022-08-04,11153.889648,11230.080078,11151.080078,11202.660156,11202.660156,34656500
2022-08-05,11176.009766,11220.469727,11112.169922,11123.070313,11123.070313,27582800
2022-08-08,11178.940430,11210.139648,11144.769531,11166.320313,11166.320313,28171200
2022-08-09,11135.330078,11177.370117,11100.660156,11132.480469,11132.480469,37402400
2022-08-10,11089.519531,11170.459961,11065.110352,11155.099609,11155.099609,33515900
2022-08-11,11192.570313,11205.009766,11114.719727,11154.580078,11154.580078,37483400
2022-08-12,11130.910156,11178.040039,11110.799805,11128.240234,11128.240234,29584800
2022-08-15,11157.219727,11188.980469,11104.000000,11171.540039,11171.540039,20944500
2022-08-16,11182.589844,11185.919922,11085.129883,11130.440430,11130.440430,22806500
2022-08-17,11137.839844,11192.679688,11114.599609,11128.190430,11128.190430,58811200
2022-08-18,11107.700195,11186.500000,11090.080078,11167.589844,11167.589844,20217600
2022-08-19,11125.799805,11241.179688,11125.799805,11156.719727,11156.719727,33741200
2022-08-22,11105.650391,11144.599609,11052.389648,11085.839844,11085.839844,31922300
2022-08-23,11021.230469,11046.459961,10921.849609,10933.059570,10933.059570,28730300
2022-08-24,10925.639648,11020.440430,10895.269531,11012.870117,11012.870117,28571200
2022-08-25,11056.950195,11122.179688,10975.509766,11063.879883,11063.879883,24985900
2022-08-26,11095.690430,11102.500000,10930.370117,10942.160156,10942.160156,26911200
2022-08-29,10882.900391,10938.169922,10840.610352,10896.740234,10896.740234,24437200
2022-08-30,10914.179688,11007.860352,10865.820313,10884.950195,10884.950195,24859000
2022-08-31,10898.129883,10949.599609,10816.540039,10855.030273,10855.030273,39441000
2022-09-01,10768.610352,10778.929688,10652.280273,10663.440430,10663.440430,36870600
2022-09-02,10720.459961,10897.059570,10713.250000,10891.709961,10891.709961,37118900
2022-09-05,10742.150391,10837.230469,10686.589844,10819.540039,10819.540039,26024100
2022-09-06,10819.780273,10930.480469,10780.120117,10834.179688,10834.179688,26479800
2022-09-07,10799.629883,10841.620117,10727.120117,10805.160156,10805.160156,28106900
2022-09-08,10849.330078,10867.830078,10667.429688,10790.320313,10790.320313,32637200
2022-09-09,10814.389648,10940.519531,10793.240234,10900.240234,10900.240234,31983300
2022-09-12,10928.599609,11013.980469,10901.120117,10990.750000,10990.750000,34481000
2022-09-13,11034.080078,11083.490234,10891.540039,10891.540039,10891.540039,41209100
2022-09-14,10840.360352,10872.759766,10727.429688,10754.400391,10754.400391,39102000
2022-09-15,10762.950195,10837.099609,10714.589844,10746.700195,10746.700195,32701900
2022-09-16,10692.799805,10750.950195,10610.650391,10610.650391,10610.650391,105561000
2022-09-19,10588.179688,10645.389648,10520.900391,10617.009766,10617.009766,29772400
2022-09-20,10648.169922,10690.839844,10476.540039,10476.540039,10476.540039,32526800
2022-09-21,10415.669922,10450.620117,10380.480469,10429.400391,10429.400391,31948000
2022-09-22,10268.669922,10458.099609,10266.700195,10297.650391,10297.650391,49474200
2022-09-23,10276.650391,10322.190430,10091.870117,10137.780273,10137.780273,68985400
2022-09-26,10131.540039,10160.889648,10015.370117,10072.620117,10072.620117,49658700
2022-09-27,10120.559570,10201.230469,10108.849609,10126.429688,10126.429688,47256700
2022-09-28,10065.209961,10220.759766,10059.790039,10220.759766,10220.759766,66470600
2022-09-29,10159.400391,10166.070313,10041.519531,10126.990234,10126.990234,49269600
2022-09-30,10174.219727,10275.860352,10155.650391,10267.549805,10267.549805,45452400
2022-10-03,10182.269531,10290.709961,10097.839844,10290.709961,10290.709961,69774600
2022-10-04,10367.469727,10590.919922,10355.750000,10590.919922,10590.919922,57987000
2022-10-05,10532.169922,10593.559570,10449.530273,10477.690430,10477.690430,46787500
2022-10-06,10506.110352,10525.379883,10358.780273,10391.129883,10391.129883,49478000
2022-10-07,10343.450195,10439.879883,10297.190430,10308.570313,10308.570313,47889300
2022-10-10,10238.879883,10290.709961,10200.240234,10262.519531,10262.519531,46915800
2022-10-11,10199.769531,10230.450195,10122.509766,10207.830078,10207.830078,39794400
2022-10-12,10198.889648,10249.910156,10139.660156,10199.320313,10199.320313,39305300
2022-10-13,10129.030273,10227.900391,10010.780273,10227.900391,10227.900391,48067900
2022-10-14,10322.400391,10460.110352,10305.740234,10329.339844,10329.339844,51183900
2022-10-17,10326.919922,10538.320313,10296.169922,10498.709961,10498.709961,38216400
2022-10-18,10513.990234,10645.709961,10513.969727,10578.759766,10578.759766,41706000
2022-10-19,10582.740234,10591.900391,10484.139648,10484.139648,10484.139648,35399700
2022-10-20,10461.950195,10502.139648,10426.200195,10473.450195,10473.450195,34664200
2022-10-21,10387.129883,10461.540039,10319.860352,10418.599609,10418.599609,44977700
2022-10-24,10489.799805,10628.790039,10472.379883,10595.530273,10595.530273,40971100
2022-10-25,10639.959961,10773.759766,10629.549805,10773.339844,10773.339844,46787100
2022-10-26,10760.360352,10821.290039,10689.809570,10817.209961,10817.209961,40669200
2022-10-27,10787.269531,10789.950195,10702.490234,10706.620117,10706.620117,89643700
2022-10-28,10649.150391,10783.540039,10635.049805,10772.370117,10772.370117,50161400
2022-10-31,10794.959961,10850.309570,10746.190430,10827.929688,10827.929688,52600400
2022-11-01,10870.089844,10926.540039,10755.330078,10783.650391,10783.650391,33818100
2022-11-02,10821.719727,10864.620117,10766.769531,10806.230469,10806.230469,32975200
2022-11-03,10724.780273,10741.519531,10633.379883,10710.589844,10710.589844,32624400
2022-11-04,10727.830078,10852.480469,10707.620117,10787.769531,10787.769531,40552200
2022-11-07,10751.990234,10806.620117,10712.879883,10750.389648,10750.389648,34498100
2022-11-08,10725.879883,10845.269531,10718.320313,10827.040039,10827.040039,39262400
2022-11-09,10813.679688,10911.450195,10803.040039,10904.330078,10904.330078,35709400
2022-11-10,10882.089844,11147.679688,10846.410156,11120.490234,11120.490234,50118100
2022-11-11,11091.160156,11252.160156,11087.910156,11127.150391,11127.150391,68834500
2022-11-14,11116.309570,11129.500000,10993.099609,10999.589844,10999.589844,41997000
2022-11-15,11008.889648,11087.419922,10991.740234,11026.219727,11026.219727,40182400
2022-11-16,11022.349609,11022.349609,10922.450195,10936.620117,10936.620117,36685200
2022-11-17,10962.280273,10993.110352,10838.799805,10917.879883,10917.879883,32549600
2022-11-18,10991.629883,11063.879883,10949.419922,11045.490234,11045.490234,44285900
2022-11-21,11022.750000,11101.919922,11019.980469,11085.040039,11085.040039,34491400
2022-11-22,11074.929688,11104.839844,11046.820313,11074.299805,11074.299805,29670300
2022-11-23,11077.540039,11104.129883,11066.040039,11094.459961,11094.459961,48210600
2022-11-24,11088.620117,11175.269531,11085.379883,11157.559570,11157.559570,37168400
2022-11-25,11166.330078,11188.290039,11140.379883,11168.030273,11168.030273,67759200
2022-11-28,11147.669922,11199.190430,11115.370117,11162.160156,11162.160156,78928100
2022-11-29,11160.089844,11176.969727,11071.559570,11077.809570,11077.809570,90091000
2022-11-30,11143.070313,11204.879883,11127.769531,11127.769531,11127.769531,122259800
2022-12-01,11215.500000,11283.870117,11207.559570,11238.200195,11238.200195,95237300
2022-12-02,11206.530273,11234.250000,11122.679688,11198.129883,11198.129883,113722400
2022-12-05,11196.469727,11239.759766,11170.929688,11194.669922,11194.669922,107446800
2022-12-06,11185.679688,11208.110352,11085.280273,11109.330078,11109.330078,106876000
2022-12-07,11062.089844,11077.769531,11000.639648,11009.950195,11009.950195,45713800
2022-12-08,11022.160156,11035.959961,10940.269531,11004.530273,11004.530273,44413700
2022-12-09,11010.700195,11101.330078,10980.799805,11068.299805,11068.299805,68181300
2022-12-12,11037.360352,11050.299805,10989.769531,11033.639648,11033.639648,46639700
2022-12-13,11070.620117,11223.469727,11014.160156,11136.620117,11136.620117,53410800
2022-12-14,11110.089844,11175.450195,11079.519531,11160.690430,11160.690430,55328400
2022-12-15,11093.139648,11093.139648,10880.139648,10880.139648,10880.139648,63403900
2022-12-16,10895.400391,10913.650391,10746.370117,10770.379883,10770.379883,118069500
2022-12-19,10790.240234,10837.940430,10760.269531,10773.230469,10773.230469,43017000
2022-12-20,10696.580078,10728.769531,10659.190430,10659.190430,10659.190430,50578100
2022-12-21,10699.070313,10845.589844,10690.969727,10845.589844,10845.589844,37099700
2022-12-22,10850.660156,10890.429688,10760.440430,10774.639648,10774.639648,34749600
2022-12-23,10804.299805,10843.730469,10761.290039,10804.679688,10804.679688,29382200
2022-12-27,10834.139648,10876.379883,10817.480469,10839.219727,10839.219727,21239100
2022-12-28,10825.660156,10854.900391,10803.099609,10812.669922,10812.669922,27529400
2022-12-29,10744.019531,10869.900391,10737.900391,10857.349609,10857.349609,25220400
2022-12-30,10809.160156,10830.360352,10729.400391,10729.400391,10729.400391,32554800
2023-01-03,10853.910156,11004.459961,10822.759766,10978.639648,10978.639648,53477000
2023-01-04,11020.740234,11140.269531,11015.910156,11140.269531,11140.269531,51905200
2023-01-05,11093.610352,11112.500000,11048.089844,11057.389648,11057.389648,44809600
2023-01-06,11068.620117,11147.870117,11048.139648,11144.540039,11144.540039,34820400
2023-01-09,11171.419922,11234.129883,11152.040039,11212.570313,11212.570313,50371400
2023-01-10,11123.580078,11180.509766,11108.179688,11162.150391,11162.150391,38955600
2023-01-11,11174.080078,11306.309570,11124.919922,11246.009766,11246.009766,60814400
2023-01-12,11304.080078,11328.799805,11247.959961,11287.820313,11287.820313,56215100
2023-01-13,11307.410156,11342.599609,11251.259766,11290.790039,11290.790039,49351000
2023-01-16,11318.519531,11435.990234,11307.969727,11435.990234,11435.990234,39913400
2023-01-17,11417.530273,11453.639648,11376.309570,11401.990234,11401.990234,44164600
2023-01-18,11381.200195,11423.070313,11352.879883,11366.620117,11366.620117,53384300
2023-01-19,11314.209961,11372.580078,11258.969727,11258.969727,11258.969727,65186500
2023-01-20,11294.719727,11320.379883,11274.429688,11295.019531,11295.019531,45428800
2023-01-23,11319.580078,11406.900391,11290.900391,11406.269531,11406.269531,43970700
2023-01-24,11413.750000,11436.790039,11368.809570,11406.290039,11406.290039,53570100
2023-01-25,11386.570313,11404.769531,11327.929688,11404.769531,11404.769531,39768900
2023-01-26,11425.410156,11441.099609,11317.559570,11317.559570,11317.559570,55353900
2023-01-27,11339.599609,11359.459961,11296.150391,11332.299805,11332.299805,50188000